{
    "Accuracy": 0.6187634477122959,
    "F1 Score": 0.5990718669022829
}